<?xml version="1.0" encoding="utf-8"?><feed xmlns="http://www.w3.org/2005/Atom" ><generator uri="https://jekyllrb.com/" version="3.8.6">Jekyll</generator><link href="/feed.xml" rel="self" type="application/atom+xml" /><link href="/" rel="alternate" type="text/html" /><updated>2019-07-26T20:51:36+07:00</updated><id>/feed.xml</id><title type="html">C4K60</title><subtitle>Cổng thông tin điện tử lớp 11 Chuyên Nga THPT Chuyên Hà Nam</subtitle><entry><title type="html">Nhắc nhở nộp quỹ lớp</title><link href="/thongbaolop/2019/07/24/nop-tien-quy-lop.html" rel="alternate" type="text/html" title="Nhắc nhở nộp quỹ lớp" /><published>2019-07-24T22:04:33+07:00</published><updated>2019-07-24T22:04:33+07:00</updated><id>/thongbaolop/2019/07/24/nop-tien-quy-lop</id><content type="html" xml:base="/thongbaolop/2019/07/24/nop-tien-quy-lop.html">&lt;h4 id=&quot;còn-14-người-chưa-nộp-10k-tiền-quỹ-lớp-mai-nhớ-nộp-nốt-nhé&quot;&gt;&lt;strong&gt;CÒN 14 NGƯỜI CHƯA NỘP 10K TIỀN QUỸ LỚP MAI NHỚ NỘP NỐT NHÉ&lt;/strong&gt;&lt;/h4&gt;</content><author><name></name></author><summary type="html">CÒN 14 NGƯỜI CHƯA NỘP 10K TIỀN QUỸ LỚP MAI NHỚ NỘP NỐT NHÉ</summary></entry><entry><title type="html">Cắm trại tại Sơn Tinh Camp</title><link href="/thongbaolop/2019/07/22/cam-trai-tai-son-tinh-camp.html" rel="alternate" type="text/html" title="Cắm trại tại Sơn Tinh Camp" /><published>2019-07-22T14:44:33+07:00</published><updated>2019-07-22T14:44:33+07:00</updated><id>/thongbaolop/2019/07/22/cam-trai-tai-son-tinh-camp</id><content type="html" xml:base="/thongbaolop/2019/07/22/cam-trai-tai-son-tinh-camp.html">&lt;p&gt;&lt;strong&gt;‌Địa điểm:&lt;/strong&gt; Sơn Tinh Camp 3 &lt;em&gt;(Ba Vì - Hà Nội)&lt;/em&gt;&lt;br /&gt;
‌&lt;strong&gt;Thời gian dự kiến&lt;/strong&gt;: Chủ nhật  &lt;br /&gt;
&lt;strong&gt;Đi trong ngày&lt;/strong&gt;: Xuất phát 7h sáng - 4 giờ chiều về&lt;br /&gt;
&lt;strong&gt;Qua đêm&lt;/strong&gt;: 3h chiều đi 9h trưa hôm sau về&lt;br /&gt;
‌&lt;strong&gt;Giá vé&lt;/strong&gt;: 60.000đ/người &lt;em&gt;(Nếu đi trong ngày)&lt;/em&gt;&lt;br /&gt;
‌&lt;strong&gt;Hình thức&lt;/strong&gt;: Vui chơi, ăn uống, nghỉ ngơi&lt;br /&gt;
&lt;strong&gt;Vui chơi&lt;/strong&gt;: Đã có sẵn&lt;br /&gt;
&lt;strong&gt;Nghỉ ngơi&lt;/strong&gt;: Có các cách sau&lt;/p&gt;
&lt;ul&gt;
  &lt;li&gt;&lt;strong&gt;Cách 1&lt;/strong&gt;: Tự mang bạt&lt;/li&gt;
  &lt;li&gt;&lt;strong&gt;Cách 2&lt;/strong&gt;: Thuê phòng nghỉ trong ngày &lt;em&gt;(Tối đa 40 người)&lt;/em&gt;- 2 triệu đồng&lt;/li&gt;
  &lt;li&gt;&lt;strong&gt;Cách 3&lt;/strong&gt;: Nhà nón 7 người &lt;em&gt;(800 nghìn) (Hoặc nhà nón 10 người có điều hoà - 1 triệu 2)&lt;/em&gt;&lt;/li&gt;
  &lt;li&gt;&lt;strong&gt;Cách 4&lt;/strong&gt;: Nhà sàn khoảng 25 người &lt;em&gt;(Có chiếu, quạt)&lt;/em&gt; - 1 triệu đồng&lt;/li&gt;
  &lt;li&gt;&lt;strong&gt;Cách 5&lt;/strong&gt;: Xe bus to &lt;em&gt;(Tối đa 15 ngừoi)&lt;/em&gt; - 1 triệu 2&lt;/li&gt;
&lt;/ul&gt;

&lt;p&gt;&lt;strong&gt;Ăn uống&lt;/strong&gt;: &lt;br /&gt;
&lt;strong&gt;1. Cách 1&lt;/strong&gt;: Tự chuẩn bị đồ ăn, tự mang chiếu, bạt &lt;em&gt;(tầm 4-5 cái)&lt;/em&gt;, chỉ cần thuê bếp nướng, vỉ nướng&lt;/p&gt;
&lt;ul&gt;
  &lt;li&gt;&lt;strong&gt;Trưa&lt;/strong&gt; : Ăn nhẹ, tự mang theo&lt;/li&gt;
  &lt;li&gt;&lt;strong&gt;Tối&lt;/strong&gt;: Nứong đồ ăn, cắm trại&lt;/li&gt;
&lt;/ul&gt;

&lt;p&gt;&lt;strong&gt;2. Cách 2&lt;/strong&gt; : Ăn theo menu nhà hàng &lt;em&gt;(có bảng giá kèm theo)&lt;/em&gt;&lt;/p&gt;
&lt;ul&gt;
  &lt;li&gt;&lt;strong&gt;Trưa&lt;/strong&gt;: Tự ăn&lt;/li&gt;
  &lt;li&gt;&lt;strong&gt;Tối&lt;/strong&gt;: Ăn theo menu nhà hàng&lt;/li&gt;
&lt;/ul&gt;

&lt;h4 id=&quot;lưu-ý-menu-xuất-và-menu-bbq-mỗi-hàng-dọc-là-một-mâm-cho-6-ngừoi&quot;&gt;&lt;strong&gt;LƯU Ý: MENU XUẤT VÀ MENU BBQ MỖI HÀNG DỌC LÀ MỘT MÂM CHO 6 NGỪOI&lt;/strong&gt;&lt;/h4&gt;</content><author><name></name></author><summary type="html">‌Địa điểm: Sơn Tinh Camp 3 (Ba Vì - Hà Nội) ‌Thời gian dự kiến: Chủ nhật Đi trong ngày: Xuất phát 7h sáng - 4 giờ chiều về Qua đêm: 3h chiều đi 9h trưa hôm sau về ‌Giá vé: 60.000đ/người (Nếu đi trong ngày) ‌Hình thức: Vui chơi, ăn uống, nghỉ ngơi Vui chơi: Đã có sẵn Nghỉ ngơi: Có các cách sau Cách 1: Tự mang bạt Cách 2: Thuê phòng nghỉ trong ngày (Tối đa 40 người)- 2 triệu đồng Cách 3: Nhà nón 7 người (800 nghìn) (Hoặc nhà nón 10 người có điều hoà - 1 triệu 2) Cách 4: Nhà sàn khoảng 25 người (Có chiếu, quạt) - 1 triệu đồng Cách 5: Xe bus to (Tối đa 15 ngừoi) - 1 triệu 2</summary></entry><entry><title type="html">Dương Huyền Anh</title><link href="/hoso/huyenanh.html" rel="alternate" type="text/html" title="Dương Huyền Anh" /><published>2019-07-22T00:00:00+07:00</published><updated>2019-07-22T00:00:00+07:00</updated><id>/hoso/duong-huyen-anh</id><content type="html" xml:base="/hoso/huyenanh.html"></content><author><name></name></author><summary type="html"></summary></entry><entry><title type="html">1</title><link href="/btvn/2000/01/01/0.html" rel="alternate" type="text/html" title="1" /><published>2000-01-01T00:00:00+07:00</published><updated>2000-01-01T00:00:00+07:00</updated><id>/btvn/2000/01/01/0</id><content type="html" xml:base="/btvn/2000/01/01/0.html"></content><author><name></name></author><summary type="html"></summary></entry><entry><title type="html">Bùi Ngọc Lĩnh</title><link href="/hoso/ngoclinh.html" rel="alternate" type="text/html" title="Bùi Ngọc Lĩnh" /><published>2000-01-01T00:00:00+07:00</published><updated>2000-01-01T00:00:00+07:00</updated><id>/hoso/bui-ngoc-linh</id><content type="html" xml:base="/hoso/ngoclinh.html"></content><author><name></name></author><summary type="html"></summary></entry><entry><title type="html">Bùi Thu Hiền</title><link href="/hoso/thuhien.html" rel="alternate" type="text/html" title="Bùi Thu Hiền" /><published>2000-01-01T00:00:00+07:00</published><updated>2000-01-01T00:00:00+07:00</updated><id>/hoso/bui-thu-hien</id><content type="html" xml:base="/hoso/thuhien.html"></content><author><name></name></author><summary type="html"></summary></entry><entry><title type="html">Đan Thị Phương Thảo</title><link href="/hoso/danthao.html" rel="alternate" type="text/html" title="Đan Thị Phương Thảo" /><published>2000-01-01T00:00:00+07:00</published><updated>2000-01-01T00:00:00+07:00</updated><id>/hoso/dan-thi-phuong-thao</id><content type="html" xml:base="/hoso/danthao.html"></content><author><name></name></author><summary type="html"></summary></entry><entry><title type="html">Đào Thu Phương</title><link href="/hoso/daophuong.html" rel="alternate" type="text/html" title="Đào Thu Phương" /><published>2000-01-01T00:00:00+07:00</published><updated>2000-01-01T00:00:00+07:00</updated><id>/hoso/dao-thu-phuong</id><content type="html" xml:base="/hoso/daophuong.html"></content><author><name></name></author><summary type="html"></summary></entry><entry><title type="html">Đinh Thuỳ Linh</title><link href="/hoso/dinhlinh.html" rel="alternate" type="text/html" title="Đinh Thuỳ Linh" /><published>2000-01-01T00:00:00+07:00</published><updated>2000-01-01T00:00:00+07:00</updated><id>/hoso/dinh-thuy-linh</id><content type="html" xml:base="/hoso/dinhlinh.html"></content><author><name></name></author><summary type="html"></summary></entry><entry><title type="html">Đỗ Hồng Quân</title><link href="/hoso/hongquan.html" rel="alternate" type="text/html" title="Đỗ Hồng Quân" /><published>2000-01-01T00:00:00+07:00</published><updated>2000-01-01T00:00:00+07:00</updated><id>/hoso/do-hong-quan</id><content type="html" xml:base="/hoso/hongquan.html"></content><author><name></name></author><summary type="html"></summary></entry></feed>